,team,home_tol,home_win,home_lose,away_tol,away_win,away_lose,pyhta_rate_tol,pyhta_rate_home,pyhta_rate_away,diff_tol,diff_home,diff_away,win_type,win_rate,pyhta_rate,diff_rate
1,Oregon State,26,5,21,29,4,25,0.257104356,0.263888032,0.251868418,-0.093467992,-0.071580339,-0.113937383,wrate_tol,0.163636364,0.257104356,-0.093467992
2,Oregon State,26,5,21,29,4,25,0.257104356,0.263888032,0.251868418,-0.093467992,-0.071580339,-0.113937383,wrate_home,0.192307692,0.263888032,-0.071580339
3,Oregon State,26,5,21,29,4,25,0.257104356,0.263888032,0.251868418,-0.093467992,-0.071580339,-0.113937383,wrate_away,0.137931034,0.251868418,-0.113937383
4,Iowa State,28,15,13,27,9,18,0.527747307,0.624969006,0.41420391,-0.091383671,-0.08925472,-0.080870577,wrate_tol,0.436363636,0.527747307,-0.091383671
5,Iowa State,28,15,13,27,9,18,0.527747307,0.624969006,0.41420391,-0.091383671,-0.08925472,-0.080870577,wrate_home,0.535714286,0.624969006,-0.08925472
6,Iowa State,28,15,13,27,9,18,0.527747307,0.624969006,0.41420391,-0.091383671,-0.08925472,-0.080870577,wrate_away,0.333333333,0.41420391,-0.080870577
7,Purdue,33,12,21,25,7,18,0.412595237,0.428455526,0.386222049,-0.08500903,-0.064819162,-0.106222049,wrate_tol,0.327586207,0.412595237,-0.08500903
8,Purdue,33,12,21,25,7,18,0.412595237,0.428455526,0.386222049,-0.08500903,-0.064819162,-0.106222049,wrate_home,0.363636364,0.428455526,-0.064819162
9,Purdue,33,12,21,25,7,18,0.412595237,0.428455526,0.386222049,-0.08500903,-0.064819162,-0.106222049,wrate_away,0.28,0.386222049,-0.106222049
10,Texas Tech,28,11,17,27,11,16,0.483796005,0.534810263,0.42196418,-0.083796005,-0.14195312,-0.014556773,wrate_tol,0.4,0.483796005,-0.083796005
11,Texas Tech,28,11,17,27,11,16,0.483796005,0.534810263,0.42196418,-0.083796005,-0.14195312,-0.014556773,wrate_home,0.392857143,0.534810263,-0.14195312
12,Texas Tech,28,11,17,27,11,16,0.483796005,0.534810263,0.42196418,-0.083796005,-0.14195312,-0.014556773,wrate_away,0.407407407,0.42196418,-0.014556773
13,UMass,26,7,19,30,4,26,0.277601614,0.376710709,0.202246287,-0.081173042,-0.10747994,-0.068912954,wrate_tol,0.196428571,0.277601614,-0.081173042
14,UMass,26,7,19,30,4,26,0.277601614,0.376710709,0.202246287,-0.081173042,-0.10747994,-0.068912954,wrate_home,0.269230769,0.376710709,-0.10747994
15,UMass,26,7,19,30,4,26,0.277601614,0.376710709,0.202246287,-0.081173042,-0.10747994,-0.068912954,wrate_away,0.133333333,0.202246287,-0.068912954
16,Ball State,25,6,19,30,7,23,0.31097159,0.36651925,0.26482625,-0.074607954,-0.12651925,-0.031492917,wrate_tol,0.236363636,0.31097159,-0.074607954
17,Ball State,25,6,19,30,7,23,0.31097159,0.36651925,0.26482625,-0.074607954,-0.12651925,-0.031492917,wrate_home,0.24,0.36651925,-0.12651925
18,Ball State,25,6,19,30,7,23,0.31097159,0.36651925,0.26482625,-0.074607954,-0.12651925,-0.031492917,wrate_away,0.233333333,0.26482625,-0.031492917
19,Kansas,28,4,24,27,2,25,0.181437513,0.188667453,0.174352075,-0.072346604,-0.04581031,-0.100278001,wrate_tol,0.109090909,0.181437513,-0.072346604
20,Kansas,28,4,24,27,2,25,0.181437513,0.188667453,0.174352075,-0.072346604,-0.04581031,-0.100278001,wrate_home,0.142857143,0.188667453,-0.04581031
21,Kansas,28,4,24,27,2,25,0.181437513,0.188667453,0.174352075,-0.072346604,-0.04581031,-0.100278001,wrate_away,0.074074074,0.174352075,-0.100278001
22,North Carolina,26,11,15,27,12,15,0.506142672,0.540257126,0.474471487,-0.072180407,-0.117180203,-0.030027043,wrate_tol,0.433962264,0.506142672,-0.072180407
23,North Carolina,26,11,15,27,12,15,0.506142672,0.540257126,0.474471487,-0.072180407,-0.117180203,-0.030027043,wrate_home,0.423076923,0.540257126,-0.117180203
24,North Carolina,26,11,15,27,12,15,0.506142672,0.540257126,0.474471487,-0.072180407,-0.117180203,-0.030027043,wrate_away,0.444444444,0.474471487,-0.030027043
25,Tulsa,28,14,14,30,8,22,0.451232372,0.50388236,0.403516021,-0.071922028,-0.00388236,-0.136849354,wrate_tol,0.379310345,0.451232372,-0.071922028
26,Tulsa,28,14,14,30,8,22,0.451232372,0.50388236,0.403516021,-0.071922028,-0.00388236,-0.136849354,wrate_home,0.5,0.50388236,-0.00388236
27,Tulsa,28,14,14,30,8,22,0.451232372,0.50388236,0.403516021,-0.071922028,-0.00388236,-0.136849354,wrate_away,0.266666667,0.403516021,-0.136849354
28,UTEP,25,4,21,31,4,27,0.213896811,0.267798458,0.178409458,-0.071039669,-0.107798458,-0.0493772,wrate_tol,0.142857143,0.213896811,-0.071039669
29,UTEP,25,4,21,31,4,27,0.213896811,0.267798458,0.178409458,-0.071039669,-0.107798458,-0.0493772,wrate_home,0.16,0.267798458,-0.107798458
30,UTEP,25,4,21,31,4,27,0.213896811,0.267798458,0.178409458,-0.071039669,-0.107798458,-0.0493772,wrate_away,0.129032258,0.178409458,-0.0493772
31,Missouri,30,17,13,25,8,17,0.518313936,0.617953314,0.400260569,-0.063768482,-0.051286648,-0.080260569,wrate_tol,0.454545455,0.518313936,-0.063768482
32,Missouri,30,17,13,25,8,17,0.518313936,0.617953314,0.400260569,-0.063768482,-0.051286648,-0.080260569,wrate_home,0.566666667,0.617953314,-0.051286648
33,Missouri,30,17,13,25,8,17,0.518313936,0.617953314,0.400260569,-0.063768482,-0.051286648,-0.080260569,wrate_away,0.32,0.400260569,-0.080260569
34,Washington,31,24,7,26,16,10,0.764150943,0.79970395,0.714192315,-0.062396557,-0.025510402,-0.098807699,wrate_tol,0.701754386,0.764150943,-0.062396557
35,Washington,31,24,7,26,16,10,0.764150943,0.79970395,0.714192315,-0.062396557,-0.025510402,-0.098807699,wrate_home,0.774193548,0.79970395,-0.025510402
36,Washington,31,24,7,26,16,10,0.764150943,0.79970395,0.714192315,-0.062396557,-0.025510402,-0.098807699,wrate_away,0.615384615,0.714192315,-0.098807699
37,Fresno State,26,12,14,32,12,20,0.473615752,0.589069466,0.368070519,-0.059822649,-0.127531004,0.006929481,wrate_tol,0.413793103,0.473615752,-0.059822649
38,Fresno State,26,12,14,32,12,20,0.473615752,0.589069466,0.368070519,-0.059822649,-0.127531004,0.006929481,wrate_home,0.461538462,0.589069466,-0.127531004
39,Fresno State,26,12,14,32,12,20,0.473615752,0.589069466,0.368070519,-0.059822649,-0.127531004,0.006929481,wrate_away,0.375,0.368070519,0.006929481
40,Texas State,25,5,20,30,3,27,0.204297674,0.252019665,0.168753189,-0.058843128,-0.052019665,-0.068753189,wrate_tol,0.145454545,0.204297674,-0.058843128
41,Texas State,25,5,20,30,3,27,0.204297674,0.252019665,0.168753189,-0.058843128,-0.052019665,-0.068753189,wrate_home,0.2,0.252019665,-0.052019665
42,Texas State,25,5,20,30,3,27,0.204297674,0.252019665,0.168753189,-0.058843128,-0.052019665,-0.068753189,wrate_away,0.1,0.168753189,-0.068753189
43,Ole Miss,30,16,14,25,8,17,0.493929105,0.607996941,0.348667327,-0.057565469,-0.074663607,-0.028667327,wrate_tol,0.436363636,0.493929105,-0.057565469
44,Ole Miss,30,16,14,25,8,17,0.493929105,0.607996941,0.348667327,-0.057565469,-0.074663607,-0.028667327,wrate_home,0.533333333,0.607996941,-0.074663607
45,Ole Miss,30,16,14,25,8,17,0.493929105,0.607996941,0.348667327,-0.057565469,-0.074663607,-0.028667327,wrate_away,0.32,0.348667327,-0.028667327
46,Army,22,14,8,30,11,19,0.537074648,0.542991407,0.532672078,-0.056305417,0.09337223,-0.166005411,wrate_tol,0.480769231,0.537074648,-0.056305417
47,Army,22,14,8,30,11,19,0.537074648,0.542991407,0.532672078,-0.056305417,0.09337223,-0.166005411,wrate_home,0.636363636,0.542991407,0.09337223
48,Army,22,14,8,30,11,19,0.537074648,0.542991407,0.532672078,-0.056305417,0.09337223,-0.166005411,wrate_away,0.366666667,0.532672078,-0.166005411
49,Auburn,35,25,10,21,10,11,0.679092099,0.750164839,0.552771921,-0.054092099,-0.035879124,-0.076581444,wrate_tol,0.625,0.679092099,-0.054092099
50,Auburn,35,25,10,21,10,11,0.679092099,0.750164839,0.552771921,-0.054092099,-0.035879124,-0.076581444,wrate_home,0.714285714,0.750164839,-0.035879124
51,Auburn,35,25,10,21,10,11,0.679092099,0.750164839,0.552771921,-0.054092099,-0.035879124,-0.076581444,wrate_away,0.476190476,0.552771921,-0.076581444
52,UNLV,25,8,17,30,8,22,0.342428723,0.336366872,0.347665349,-0.051519633,-0.016366872,-0.080998683,wrate_tol,0.290909091,0.342428723,-0.051519633
53,UNLV,25,8,17,30,8,22,0.342428723,0.336366872,0.347665349,-0.051519633,-0.016366872,-0.080998683,wrate_home,0.32,0.336366872,-0.016366872
54,UNLV,25,8,17,30,8,22,0.342428723,0.336366872,0.347665349,-0.051519633,-0.016366872,-0.080998683,wrate_away,0.266666667,0.347665349,-0.080998683
55,East Carolina,26,9,17,28,5,23,0.309997146,0.399010717,0.233002388,-0.050737886,-0.052856871,-0.05443096,wrate_tol,0.259259259,0.309997146,-0.050737886
56,East Carolina,26,9,17,28,5,23,0.309997146,0.399010717,0.233002388,-0.050737886,-0.052856871,-0.05443096,wrate_home,0.346153846,0.399010717,-0.052856871
57,East Carolina,26,9,17,28,5,23,0.309997146,0.399010717,0.233002388,-0.050737886,-0.052856871,-0.05443096,wrate_away,0.178571429,0.233002388,-0.05443096
58,Rice,28,5,23,30,6,24,0.239097103,0.232453948,0.244933077,-0.049441931,-0.05388252,-0.044933077,wrate_tol,0.189655172,0.239097103,-0.049441931
59,Rice,28,5,23,30,6,24,0.239097103,0.232453948,0.244933077,-0.049441931,-0.05388252,-0.044933077,wrate_home,0.178571429,0.232453948,-0.05388252
60,Rice,28,5,23,30,6,24,0.239097103,0.232453948,0.244933077,-0.049441931,-0.05388252,-0.044933077,wrate_away,0.2,0.244933077,-0.044933077
61,Coastal Carolina,15,5,10,19,7,12,0.401709142,0.316929699,0.461311176,-0.048767965,0.016403635,-0.092890123,wrate_tol,0.352941176,0.401709142,-0.048767965
62,Coastal Carolina,15,5,10,19,7,12,0.401709142,0.316929699,0.461311176,-0.048767965,0.016403635,-0.092890123,wrate_home,0.333333333,0.316929699,0.016403635
63,Coastal Carolina,15,5,10,19,7,12,0.401709142,0.316929699,0.461311176,-0.048767965,0.016403635,-0.092890123,wrate_away,0.368421053,0.461311176,-0.092890123
64,San Jose State,25,8,17,31,5,26,0.27704918,0.327087024,0.241736262,-0.044906323,-0.007087024,-0.08044594,wrate_tol,0.232142857,0.27704918,-0.044906323
65,San Jose State,25,8,17,31,5,26,0.27704918,0.327087024,0.241736262,-0.044906323,-0.007087024,-0.08044594,wrate_home,0.32,0.327087024,-0.007087024
66,San Jose State,25,8,17,31,5,26,0.27704918,0.327087024,0.241736262,-0.044906323,-0.007087024,-0.08044594,wrate_away,0.161290323,0.241736262,-0.08044594
67,Arkansas,33,11,22,22,6,16,0.352683599,0.427900778,0.244799421,-0.04359269,-0.094567445,0.027927852,wrate_tol,0.309090909,0.352683599,-0.04359269
68,Arkansas,33,11,22,22,6,16,0.352683599,0.427900778,0.244799421,-0.04359269,-0.094567445,0.027927852,wrate_home,0.333333333,0.427900778,-0.094567445
69,Arkansas,33,11,22,22,6,16,0.352683599,0.427900778,0.244799421,-0.04359269,-0.094567445,0.027927852,wrate_away,0.272727273,0.244799421,0.027927852
70,Baylor,29,15,14,28,14,14,0.551566689,0.569378364,0.532969296,-0.042794759,-0.052136984,-0.032969296,wrate_tol,0.50877193,0.551566689,-0.042794759
71,Baylor,29,15,14,28,14,14,0.551566689,0.569378364,0.532969296,-0.042794759,-0.052136984,-0.032969296,wrate_home,0.517241379,0.569378364,-0.052136984
72,Baylor,29,15,14,28,14,14,0.551566689,0.569378364,0.532969296,-0.042794759,-0.052136984,-0.032969296,wrate_away,0.5,0.532969296,-0.032969296
73,Arizona,28,13,15,27,7,20,0.405783997,0.502234626,0.316820227,-0.042147633,-0.037948911,-0.057560968,wrate_tol,0.363636364,0.405783997,-0.042147633
74,Arizona,28,13,15,27,7,20,0.405783997,0.502234626,0.316820227,-0.042147633,-0.037948911,-0.057560968,wrate_home,0.464285714,0.502234626,-0.037948911
75,Arizona,28,13,15,27,7,20,0.405783997,0.502234626,0.316820227,-0.042147633,-0.037948911,-0.057560968,wrate_away,0.259259259,0.316820227,-0.057560968
76,Florida Atlantic,28,14,14,30,13,17,0.505707577,0.541026602,0.47577819,-0.040190335,-0.041026602,-0.042444856,wrate_tol,0.465517241,0.505707577,-0.040190335
77,Florida Atlantic,28,14,14,30,13,17,0.505707577,0.541026602,0.47577819,-0.040190335,-0.041026602,-0.042444856,wrate_home,0.5,0.541026602,-0.041026602
78,Florida Atlantic,28,14,14,30,13,17,0.505707577,0.541026602,0.47577819,-0.040190335,-0.041026602,-0.042444856,wrate_away,0.433333333,0.47577819,-0.042444856
79,Utah State,25,16,9,30,11,19,0.530702412,0.629485614,0.440088177,-0.039793321,0.010514386,-0.073421511,wrate_tol,0.490909091,0.530702412,-0.039793321
80,Utah State,25,16,9,30,11,19,0.530702412,0.629485614,0.440088177,-0.039793321,0.010514386,-0.073421511,wrate_home,0.64,0.629485614,0.010514386
81,Utah State,25,16,9,30,11,19,0.530702412,0.629485614,0.440088177,-0.039793321,0.010514386,-0.073421511,wrate_away,0.366666667,0.440088177,-0.073421511
82,Nebraska,34,18,16,25,8,17,0.479206186,0.535818905,0.409134667,-0.03852822,-0.00640714,-0.089134667,wrate_tol,0.440677966,0.479206186,-0.03852822
83,Nebraska,34,18,16,25,8,17,0.479206186,0.535818905,0.409134667,-0.03852822,-0.00640714,-0.089134667,wrate_home,0.529411765,0.535818905,-0.00640714
84,Nebraska,34,18,16,25,8,17,0.479206186,0.535818905,0.409134667,-0.03852822,-0.00640714,-0.089134667,wrate_away,0.32,0.409134667,-0.089134667
85,Georgia Tech,29,15,14,25,7,18,0.443826266,0.502631561,0.384607891,-0.036418858,0.014609819,-0.104607891,wrate_tol,0.407407407,0.443826266,-0.036418858
86,Georgia Tech,29,15,14,25,7,18,0.443826266,0.502631561,0.384607891,-0.036418858,0.014609819,-0.104607891,wrate_home,0.517241379,0.502631561,0.014609819
87,Georgia Tech,29,15,14,25,7,18,0.443826266,0.502631561,0.384607891,-0.036418858,0.014609819,-0.104607891,wrate_away,0.28,0.384607891,-0.104607891
88,Mississippi State,29,17,12,26,13,13,0.580331749,0.662575538,0.490071901,-0.034877203,-0.076368641,0.009928099,wrate_tol,0.545454545,0.580331749,-0.034877203
89,Mississippi State,29,17,12,26,13,13,0.580331749,0.662575538,0.490071901,-0.034877203,-0.076368641,0.009928099,wrate_home,0.586206897,0.662575538,-0.076368641
90,Mississippi State,29,17,12,26,13,13,0.580331749,0.662575538,0.490071901,-0.034877203,-0.076368641,0.009928099,wrate_away,0.5,0.490071901,0.009928099
91,Eastern Michigan,25,9,16,32,14,18,0.438068026,0.426196308,0.446733197,-0.034559254,-0.066196308,-0.009233197,wrate_tol,0.403508772,0.438068026,-0.034559254
92,Eastern Michigan,25,9,16,32,14,18,0.438068026,0.426196308,0.446733197,-0.034559254,-0.066196308,-0.009233197,wrate_home,0.36,0.426196308,-0.066196308
93,Eastern Michigan,25,9,16,32,14,18,0.438068026,0.426196308,0.446733197,-0.034559254,-0.066196308,-0.009233197,wrate_away,0.4375,0.446733197,-0.009233197
94,New Mexico State,23,9,14,35,6,29,0.290691408,0.418835415,0.22506123,-0.032070719,-0.027531067,-0.053632659,wrate_tol,0.25862069,0.290691408,-0.032070719
95,New Mexico State,23,9,14,35,6,29,0.290691408,0.418835415,0.22506123,-0.032070719,-0.027531067,-0.053632659,wrate_home,0.391304348,0.418835415,-0.027531067
96,New Mexico State,23,9,14,35,6,29,0.290691408,0.418835415,0.22506123,-0.032070719,-0.027531067,-0.053632659,wrate_away,0.171428571,0.22506123,-0.053632659
97,UCLA,31,17,14,29,8,21,0.445716463,0.494681002,0.393110449,-0.029049796,0.053706095,-0.11724838,wrate_tol,0.416666667,0.445716463,-0.029049796
98,UCLA,31,17,14,29,8,21,0.445716463,0.494681002,0.393110449,-0.029049796,0.053706095,-0.11724838,wrate_home,0.548387097,0.494681002,0.053706095
99,UCLA,31,17,14,29,8,21,0.445716463,0.494681002,0.393110449,-0.029049796,0.053706095,-0.11724838,wrate_away,0.275862069,0.393110449,-0.11724838
100,Michigan,35,30,5,25,16,9,0.79456745,0.866647267,0.66628561,-0.027900784,-0.00950441,-0.02628561,wrate_tol,0.766666667,0.79456745,-0.027900784
101,Michigan,35,30,5,25,16,9,0.79456745,0.866647267,0.66628561,-0.027900784,-0.00950441,-0.02628561,wrate_home,0.857142857,0.866647267,-0.00950441
102,Michigan,35,30,5,25,16,9,0.79456745,0.866647267,0.66628561,-0.027900784,-0.00950441,-0.02628561,wrate_away,0.64,0.66628561,-0.02628561
103,Texas,33,21,12,28,11,17,0.552281318,0.63327335,0.445777763,-0.027691154,0.003090287,-0.05292062,wrate_tol,0.524590164,0.552281318,-0.027691154
104,Texas,33,21,12,28,11,17,0.552281318,0.63327335,0.445777763,-0.027691154,0.003090287,-0.05292062,wrate_home,0.636363636,0.63327335,0.003090287
105,Texas,33,21,12,28,11,17,0.552281318,0.63327335,0.445777763,-0.027691154,0.003090287,-0.05292062,wrate_away,0.392857143,0.445777763,-0.05292062
106,Ohio,26,17,9,30,16,14,0.616178013,0.681132075,0.554300127,-0.026892299,-0.027285922,-0.020966793,wrate_tol,0.589285714,0.616178013,-0.026892299
107,Ohio,26,17,9,30,16,14,0.616178013,0.681132075,0.554300127,-0.026892299,-0.027285922,-0.020966793,wrate_home,0.653846154,0.681132075,-0.027285922
108,Ohio,26,17,9,30,16,14,0.616178013,0.681132075,0.554300127,-0.026892299,-0.027285922,-0.020966793,wrate_away,0.533333333,0.554300127,-0.020966793
109,New Mexico,26,10,16,29,8,21,0.352699742,0.427729371,0.277652088,-0.025427015,-0.043113987,-0.001790019,wrate_tol,0.327272727,0.352699742,-0.025427015
110,New Mexico,26,10,16,29,8,21,0.352699742,0.427729371,0.277652088,-0.025427015,-0.043113987,-0.001790019,wrate_home,0.384615385,0.427729371,-0.043113987
111,New Mexico,26,10,16,29,8,21,0.352699742,0.427729371,0.277652088,-0.025427015,-0.043113987,-0.001790019,wrate_away,0.275862069,0.277652088,-0.001790019
112,Tulane,25,12,13,30,7,23,0.370602607,0.512770268,0.269119468,-0.025148061,-0.032770268,-0.035786134,wrate_tol,0.345454545,0.370602607,-0.025148061
113,Tulane,25,12,13,30,7,23,0.370602607,0.512770268,0.269119468,-0.025148061,-0.032770268,-0.035786134,wrate_home,0.48,0.512770268,-0.032770268
114,Tulane,25,12,13,30,7,23,0.370602607,0.512770268,0.269119468,-0.025148061,-0.032770268,-0.035786134,wrate_away,0.233333333,0.269119468,-0.035786134
115,Connecticut,27,6,21,28,4,24,0.206109388,0.245752634,0.17245502,-0.024291206,-0.023530412,-0.029597878,wrate_tol,0.181818182,0.206109388,-0.024291206
116,Connecticut,27,6,21,28,4,24,0.206109388,0.245752634,0.17245502,-0.024291206,-0.023530412,-0.029597878,wrate_home,0.222222222,0.245752634,-0.023530412
117,Connecticut,27,6,21,28,4,24,0.206109388,0.245752634,0.17245502,-0.024291206,-0.023530412,-0.029597878,wrate_away,0.142857143,0.17245502,-0.029597878
118,Buffalo,26,14,12,30,12,18,0.48817511,0.582706734,0.387916395,-0.023889396,-0.044245195,0.012083605,wrate_tol,0.464285714,0.48817511,-0.023889396
119,Buffalo,26,14,12,30,12,18,0.48817511,0.582706734,0.387916395,-0.023889396,-0.044245195,0.012083605,wrate_home,0.538461538,0.582706734,-0.044245195
120,Buffalo,26,14,12,30,12,18,0.48817511,0.582706734,0.387916395,-0.023889396,-0.044245195,0.012083605,wrate_away,0.4,0.387916395,0.012083605
121,Colorado State,27,12,15,28,12,16,0.459991387,0.488437334,0.43187576,-0.023627751,-0.04399289,-0.003304331,wrate_tol,0.436363636,0.459991387,-0.023627751
122,Colorado State,27,12,15,28,12,16,0.459991387,0.488437334,0.43187576,-0.023627751,-0.04399289,-0.003304331,wrate_home,0.444444444,0.488437334,-0.04399289
123,Colorado State,27,12,15,28,12,16,0.459991387,0.488437334,0.43187576,-0.023627751,-0.04399289,-0.003304331,wrate_away,0.428571429,0.43187576,-0.003304331
124,Virginia Tech,29,17,12,27,16,11,0.611379735,0.639329473,0.579326375,-0.022094021,-0.053122576,0.013266218,wrate_tol,0.589285714,0.611379735,-0.022094021
125,Virginia Tech,29,17,12,27,16,11,0.611379735,0.639329473,0.579326375,-0.022094021,-0.053122576,0.013266218,wrate_home,0.586206897,0.639329473,-0.053122576
126,Virginia Tech,29,17,12,27,16,11,0.611379735,0.639329473,0.579326375,-0.022094021,-0.053122576,0.013266218,wrate_away,0.592592593,0.579326375,0.013266218
127,Syracuse,28,14,14,27,7,20,0.40363341,0.451526862,0.354745242,-0.021815228,0.048473138,-0.095485983,wrate_tol,0.381818182,0.40363341,-0.021815228
128,Syracuse,28,14,14,27,7,20,0.40363341,0.451526862,0.354745242,-0.021815228,0.048473138,-0.095485983,wrate_home,0.5,0.451526862,0.048473138
129,Syracuse,28,14,14,27,7,20,0.40363341,0.451526862,0.354745242,-0.021815228,0.048473138,-0.095485983,wrate_away,0.259259259,0.354745242,-0.095485983
130,Colorado,29,16,13,29,9,20,0.452823384,0.574455699,0.332151944,-0.021788901,-0.022731561,-0.021807116,wrate_tol,0.431034483,0.452823384,-0.021788901
131,Colorado,29,16,13,29,9,20,0.452823384,0.574455699,0.332151944,-0.021788901,-0.022731561,-0.021807116,wrate_home,0.551724138,0.574455699,-0.022731561
132,Colorado,29,16,13,29,9,20,0.452823384,0.574455699,0.332151944,-0.021788901,-0.022731561,-0.021807116,wrate_away,0.310344828,0.332151944,-0.021807116
133,Central Michigan,25,13,12,31,12,19,0.468099756,0.557127568,0.397404057,-0.021671184,-0.037127568,-0.010307282,wrate_tol,0.446428571,0.468099756,-0.021671184
134,Central Michigan,25,13,12,31,12,19,0.468099756,0.557127568,0.397404057,-0.021671184,-0.037127568,-0.010307282,wrate_home,0.52,0.557127568,-0.037127568
135,Central Michigan,25,13,12,31,12,19,0.468099756,0.557127568,0.397404057,-0.021671184,-0.037127568,-0.010307282,wrate_away,0.387096774,0.397404057,-0.010307282
136,Kent State,21,5,16,33,6,27,0.223726551,0.370253714,0.144130754,-0.020022848,-0.132158476,0.037687428,wrate_tol,0.203703704,0.223726551,-0.020022848
137,Kent State,21,5,16,33,6,27,0.223726551,0.370253714,0.144130754,-0.020022848,-0.132158476,0.037687428,wrate_home,0.238095238,0.370253714,-0.132158476
138,Kent State,21,5,16,33,6,27,0.223726551,0.370253714,0.144130754,-0.020022848,-0.132158476,0.037687428,wrate_away,0.181818182,0.144130754,0.037687428
139,Virginia,29,18,11,27,6,21,0.448195966,0.529617048,0.355427777,-0.019624538,0.091072607,-0.133205555,wrate_tol,0.428571429,0.448195966,-0.019624538
140,Virginia,29,18,11,27,6,21,0.448195966,0.529617048,0.355427777,-0.019624538,0.091072607,-0.133205555,wrate_home,0.620689655,0.529617048,0.091072607
141,Virginia,29,18,11,27,6,21,0.448195966,0.529617048,0.355427777,-0.019624538,0.091072607,-0.133205555,wrate_away,0.222222222,0.355427777,-0.133205555
142,South Alabama,25,10,15,29,4,25,0.278357661,0.357658314,0.215991863,-0.019098402,0.042341686,-0.078060829,wrate_tol,0.259259259,0.278357661,-0.019098402
143,South Alabama,25,10,15,29,4,25,0.278357661,0.357658314,0.215991863,-0.019098402,0.042341686,-0.078060829,wrate_home,0.4,0.357658314,0.042341686
144,South Alabama,25,10,15,29,4,25,0.278357661,0.357658314,0.215991863,-0.019098402,0.042341686,-0.078060829,wrate_away,0.137931034,0.215991863,-0.078060829
145,Wisconsin,37,30,7,26,18,8,0.779747481,0.844104929,0.670794498,-0.017842719,-0.033294119,0.021513195,wrate_tol,0.761904762,0.779747481,-0.017842719
146,Wisconsin,37,30,7,26,18,8,0.779747481,0.844104929,0.670794498,-0.017842719,-0.033294119,0.021513195,wrate_home,0.810810811,0.844104929,-0.033294119
147,Wisconsin,37,30,7,26,18,8,0.779747481,0.844104929,0.670794498,-0.017842719,-0.033294119,0.021513195,wrate_away,0.692307692,0.670794498,0.021513195
148,Louisiana Monroe,22,10,12,35,7,28,0.315734171,0.426920051,0.240415839,-0.017488557,0.027625403,-0.040415839,wrate_tol,0.298245614,0.315734171,-0.017488557
149,Louisiana Monroe,22,10,12,35,7,28,0.315734171,0.426920051,0.240415839,-0.017488557,0.027625403,-0.040415839,wrate_home,0.454545455,0.426920051,0.027625403
150,Louisiana Monroe,22,10,12,35,7,28,0.315734171,0.426920051,0.240415839,-0.017488557,0.027625403,-0.040415839,wrate_away,0.2,0.240415839,-0.040415839
151,BYU,25,15,10,31,14,17,0.534962571,0.588125592,0.487032898,-0.017105428,0.011874408,-0.035419995,wrate_tol,0.517857143,0.534962571,-0.017105428
152,BYU,25,15,10,31,14,17,0.534962571,0.588125592,0.487032898,-0.017105428,0.011874408,-0.035419995,wrate_home,0.6,0.588125592,0.011874408
153,BYU,25,15,10,31,14,17,0.534962571,0.588125592,0.487032898,-0.017105428,0.011874408,-0.035419995,wrate_away,0.451612903,0.487032898,-0.035419995
154,Kansas State,29,18,11,26,11,15,0.543998023,0.583372187,0.499296271,-0.016725296,0.037317468,-0.076219348,wrate_tol,0.527272727,0.543998023,-0.016725296
155,Kansas State,29,18,11,26,11,15,0.543998023,0.583372187,0.499296271,-0.016725296,0.037317468,-0.076219348,wrate_home,0.620689655,0.583372187,0.037317468
156,Kansas State,29,18,11,26,11,15,0.543998023,0.583372187,0.499296271,-0.016725296,0.037317468,-0.076219348,wrate_away,0.423076923,0.499296271,-0.076219348
157,Indiana,30,14,16,27,13,14,0.489493805,0.510862069,0.465905717,-0.015809594,-0.044195402,0.015575765,wrate_tol,0.473684211,0.489493805,-0.015809594
158,Indiana,30,14,16,27,13,14,0.489493805,0.510862069,0.465905717,-0.015809594,-0.044195402,0.015575765,wrate_home,0.466666667,0.510862069,-0.044195402
159,Indiana,30,14,16,27,13,14,0.489493805,0.510862069,0.465905717,-0.015809594,-0.044195402,0.015575765,wrate_away,0.481481481,0.465905717,0.015575765
160,NC State,28,17,11,27,12,15,0.541224712,0.600397526,0.479189678,-0.013951985,0.006745331,-0.034745234,wrate_tol,0.527272727,0.541224712,-0.013951985
161,NC State,28,17,11,27,12,15,0.541224712,0.600397526,0.479189678,-0.013951985,0.006745331,-0.034745234,wrate_home,0.607142857,0.600397526,0.006745331
162,NC State,28,17,11,27,12,15,0.541224712,0.600397526,0.479189678,-0.013951985,0.006745331,-0.034745234,wrate_away,0.444444444,0.479189678,-0.034745234
163,TCU,27,16,11,29,16,13,0.583703764,0.616890746,0.551099268,-0.012275193,-0.024298153,0.00062487,wrate_tol,0.571428571,0.583703764,-0.012275193
164,TCU,27,16,11,29,16,13,0.583703764,0.616890746,0.551099268,-0.012275193,-0.024298153,0.00062487,wrate_home,0.592592593,0.616890746,-0.024298153
165,TCU,27,16,11,29,16,13,0.583703764,0.616890746,0.551099268,-0.012275193,-0.024298153,0.00062487,wrate_away,0.551724138,0.551099268,0.00062487
166,Georgia Southern,23,15,8,32,12,20,0.501635586,0.674904482,0.374911903,-0.010726495,-0.022730568,8.81E-05,wrate_tol,0.490909091,0.501635586,-0.010726495
167,Georgia Southern,23,15,8,32,12,20,0.501635586,0.674904482,0.374911903,-0.010726495,-0.022730568,8.81E-05,wrate_home,0.652173913,0.674904482,-0.022730568
168,Georgia Southern,23,15,8,32,12,20,0.501635586,0.674904482,0.374911903,-0.010726495,-0.022730568,8.81E-05,wrate_away,0.375,0.374911903,8.81E-05
169,Boston College,28,11,17,27,13,14,0.446962562,0.443150705,0.450719071,-0.010598925,-0.050293562,0.03076241,wrate_tol,0.436363636,0.446962562,-0.010598925
170,Boston College,28,11,17,27,13,14,0.446962562,0.443150705,0.450719071,-0.010598925,-0.050293562,0.03076241,wrate_home,0.392857143,0.443150705,-0.050293562
171,Boston College,28,11,17,27,13,14,0.446962562,0.443150705,0.450719071,-0.010598925,-0.050293562,0.03076241,wrate_away,0.481481481,0.450719071,0.03076241
172,Western Kentucky,27,19,8,31,17,14,0.630815654,0.680525278,0.579257671,-0.010125999,0.023178426,-0.030870574,wrate_tol,0.620689655,0.630815654,-0.010125999
173,Western Kentucky,27,19,8,31,17,14,0.630815654,0.680525278,0.579257671,-0.010125999,0.023178426,-0.030870574,wrate_home,0.703703704,0.680525278,0.023178426
174,Western Kentucky,27,19,8,31,17,14,0.630815654,0.680525278,0.579257671,-0.010125999,0.023178426,-0.030870574,wrate_away,0.548387097,0.579257671,-0.030870574
175,Illinois,32,11,21,25,6,19,0.308165357,0.344266927,0.267581995,-0.009919743,-0.000516927,-0.027581995,wrate_tol,0.298245614,0.308165357,-0.009919743
176,Illinois,32,11,21,25,6,19,0.308165357,0.344266927,0.267581995,-0.009919743,-0.000516927,-0.027581995,wrate_home,0.34375,0.344266927,-0.000516927
177,Illinois,32,11,21,25,6,19,0.308165357,0.344266927,0.267581995,-0.009919743,-0.000516927,-0.027581995,wrate_away,0.24,0.267581995,-0.027581995
178,Maryland,28,10,18,28,7,21,0.312469136,0.352987801,0.272058545,-0.008897708,0.004155056,-0.022058545,wrate_tol,0.303571429,0.312469136,-0.008897708
179,Maryland,28,10,18,28,7,21,0.312469136,0.352987801,0.272058545,-0.008897708,0.004155056,-0.022058545,wrate_home,0.357142857,0.352987801,0.004155056
180,Maryland,28,10,18,28,7,21,0.312469136,0.352987801,0.272058545,-0.008897708,0.004155056,-0.022058545,wrate_away,0.25,0.272058545,-0.022058545
181,Bowling Green,24,7,17,33,12,21,0.338729366,0.419482299,0.281155368,-0.005396032,-0.127815632,0.082480996,wrate_tol,0.333333333,0.338729366,-0.005396032
182,Bowling Green,24,7,17,33,12,21,0.338729366,0.419482299,0.281155368,-0.005396032,-0.127815632,0.082480996,wrate_home,0.291666667,0.419482299,-0.127815632
183,Bowling Green,24,7,17,33,12,21,0.338729366,0.419482299,0.281155368,-0.005396032,-0.127815632,0.082480996,wrate_away,0.363636364,0.281155368,0.082480996
184,Iowa,33,25,8,25,17,8,0.727915579,0.768162952,0.673846107,-0.003777648,-0.010587194,0.006153893,wrate_tol,0.724137931,0.727915579,-0.003777648
185,Iowa,33,25,8,25,17,8,0.727915579,0.768162952,0.673846107,-0.003777648,-0.010587194,0.006153893,wrate_home,0.757575758,0.768162952,-0.010587194
186,Iowa,33,25,8,25,17,8,0.727915579,0.768162952,0.673846107,-0.003777648,-0.010587194,0.006153893,wrate_away,0.68,0.673846107,0.006153893
187,Southern Mississippi,24,16,8,31,15,16,0.566539976,0.666311478,0.493464331,-0.002903612,0.000355188,-0.009593364,wrate_tol,0.563636364,0.566539976,-0.002903612
188,Southern Mississippi,24,16,8,31,15,16,0.566539976,0.666311478,0.493464331,-0.002903612,0.000355188,-0.009593364,wrate_home,0.666666667,0.666311478,0.000355188
189,Southern Mississippi,24,16,8,31,15,16,0.566539976,0.666311478,0.493464331,-0.002903612,0.000355188,-0.009593364,wrate_away,0.483870968,0.493464331,-0.009593364
190,Middle Tennessee,25,17,8,32,12,20,0.511316996,0.662162162,0.397220115,-0.002545066,0.017837838,-0.022220115,wrate_tol,0.50877193,0.511316996,-0.002545066
191,Middle Tennessee,25,17,8,32,12,20,0.511316996,0.662162162,0.397220115,-0.002545066,0.017837838,-0.022220115,wrate_home,0.68,0.662162162,0.017837838
192,Middle Tennessee,25,17,8,32,12,20,0.511316996,0.662162162,0.397220115,-0.002545066,0.017837838,-0.022220115,wrate_away,0.375,0.397220115,-0.022220115
193,Utah,29,22,7,29,17,12,0.674618706,0.725548808,0.625664231,-0.002204913,0.033071881,-0.039457334,wrate_tol,0.672413793,0.674618706,-0.002204913
194,Utah,29,22,7,29,17,12,0.674618706,0.725548808,0.625664231,-0.002204913,0.033071881,-0.039457334,wrate_home,0.75862069,0.725548808,0.033071881
195,Utah,29,22,7,29,17,12,0.674618706,0.725548808,0.625664231,-0.002204913,0.033071881,-0.039457334,wrate_away,0.586206897,0.625664231,-0.039457334
196,Wyoming,28,19,9,29,8,21,0.473548955,0.580954105,0.368865838,0.000135255,0.097617324,-0.093003769,wrate_tol,0.473684211,0.473548955,0.000135255
197,Wyoming,28,19,9,29,8,21,0.473548955,0.580954105,0.368865838,0.000135255,0.097617324,-0.093003769,wrate_home,0.678571429,0.580954105,0.097617324
198,Wyoming,28,19,9,29,8,21,0.473548955,0.580954105,0.368865838,0.000135255,0.097617324,-0.093003769,wrate_away,0.275862069,0.368865838,-0.093003769
199,Minnesota,33,22,11,25,10,15,0.550457146,0.623647561,0.455155287,0.001266992,0.043019106,-0.055155287,wrate_tol,0.551724138,0.550457146,0.001266992
200,Minnesota,33,22,11,25,10,15,0.550457146,0.623647561,0.455155287,0.001266992,0.043019106,-0.055155287,wrate_home,0.666666667,0.623647561,0.043019106
201,Minnesota,33,22,11,25,10,15,0.550457146,0.623647561,0.455155287,0.001266992,0.043019106,-0.055155287,wrate_away,0.4,0.455155287,-0.055155287
202,Air Force,26,19,7,30,13,17,0.569905466,0.652732817,0.505353166,0.001523106,0.078036413,-0.072019832,wrate_tol,0.571428571,0.569905466,0.001523106
203,Air Force,26,19,7,30,13,17,0.569905466,0.652732817,0.505353166,0.001523106,0.078036413,-0.072019832,wrate_home,0.730769231,0.652732817,0.078036413
204,Air Force,26,19,7,30,13,17,0.569905466,0.652732817,0.505353166,0.001523106,0.078036413,-0.072019832,wrate_away,0.433333333,0.505353166,-0.072019832
205,Charlotte,25,8,17,30,7,23,0.269250936,0.343820892,0.218267985,0.003476337,-0.023820892,0.015065349,wrate_tol,0.272727273,0.269250936,0.003476337
206,Charlotte,25,8,17,30,7,23,0.269250936,0.343820892,0.218267985,0.003476337,-0.023820892,0.015065349,wrate_home,0.32,0.343820892,-0.023820892
207,Charlotte,25,8,17,30,7,23,0.269250936,0.343820892,0.218267985,0.003476337,-0.023820892,0.015065349,wrate_away,0.233333333,0.218267985,0.015065349
208,UT San Antonio,26,9,17,30,10,20,0.335540019,0.396629541,0.282399689,0.003745696,-0.050475695,0.050933644,wrate_tol,0.339285714,0.335540019,0.003745696
209,UT San Antonio,26,9,17,30,10,20,0.335540019,0.396629541,0.282399689,0.003745696,-0.050475695,0.050933644,wrate_home,0.346153846,0.396629541,-0.050475695
210,UT San Antonio,26,9,17,30,10,20,0.335540019,0.396629541,0.282399689,0.003745696,-0.050475695,0.050933644,wrate_away,0.333333333,0.282399689,0.050933644
211,Georgia State,25,10,15,30,11,19,0.377270683,0.438649098,0.330663167,0.004547499,-0.038649098,0.0360035,wrate_tol,0.381818182,0.377270683,0.004547499
212,Georgia State,25,10,15,30,11,19,0.377270683,0.438649098,0.330663167,0.004547499,-0.038649098,0.0360035,wrate_home,0.4,0.438649098,-0.038649098
213,Georgia State,25,10,15,30,11,19,0.377270683,0.438649098,0.330663167,0.004547499,-0.038649098,0.0360035,wrate_away,0.366666667,0.330663167,0.0360035
214,Duke,26,11,15,29,13,16,0.431217109,0.407263181,0.450000313,0.005146527,0.015813742,-0.001724451,wrate_tol,0.436363636,0.431217109,0.005146527
215,Duke,26,11,15,29,13,16,0.431217109,0.407263181,0.450000313,0.005146527,0.015813742,-0.001724451,wrate_home,0.423076923,0.407263181,0.015813742
216,Duke,26,11,15,29,13,16,0.431217109,0.407263181,0.450000313,0.005146527,0.015813742,-0.001724451,wrate_away,0.448275862,0.450000313,-0.001724451
217,Old Dominion,26,11,15,29,8,21,0.339627168,0.385005945,0.300266816,0.005827377,0.038070978,-0.024404747,wrate_tol,0.345454545,0.339627168,0.005827377
218,Old Dominion,26,11,15,29,8,21,0.339627168,0.385005945,0.300266816,0.005827377,0.038070978,-0.024404747,wrate_home,0.423076923,0.385005945,0.038070978
219,Old Dominion,26,11,15,29,8,21,0.339627168,0.385005945,0.300266816,0.005827377,0.038070978,-0.024404747,wrate_away,0.275862069,0.300266816,-0.024404747
220,Penn State,36,33,3,25,14,11,0.764289111,0.844089392,0.631415666,0.006202692,0.072577275,-0.071415666,wrate_tol,0.770491803,0.764289111,0.006202692
221,Penn State,36,33,3,25,14,11,0.764289111,0.844089392,0.631415666,0.006202692,0.072577275,-0.071415666,wrate_home,0.916666667,0.844089392,0.072577275
222,Penn State,36,33,3,25,14,11,0.764289111,0.844089392,0.631415666,0.006202692,0.072577275,-0.071415666,wrate_away,0.56,0.631415666,-0.071415666
223,Vanderbilt,28,13,15,27,6,21,0.339123846,0.399187217,0.279977099,0.0063307,0.065098497,-0.057754877,wrate_tol,0.345454545,0.339123846,0.0063307
224,Vanderbilt,28,13,15,27,6,21,0.339123846,0.399187217,0.279977099,0.0063307,0.065098497,-0.057754877,wrate_home,0.464285714,0.399187217,0.065098497
225,Vanderbilt,28,13,15,27,6,21,0.339123846,0.399187217,0.279977099,0.0063307,0.065098497,-0.057754877,wrate_away,0.222222222,0.279977099,-0.057754877
226,Louisiana Tech,24,17,7,32,16,16,0.581104185,0.658814872,0.514662789,0.008181529,0.049518462,-0.014662789,wrate_tol,0.589285714,0.581104185,0.008181529
227,Louisiana Tech,24,17,7,32,16,16,0.581104185,0.658814872,0.514662789,0.008181529,0.049518462,-0.014662789,wrate_home,0.708333333,0.658814872,0.049518462
228,Louisiana Tech,24,17,7,32,16,16,0.581104185,0.658814872,0.514662789,0.008181529,0.049518462,-0.014662789,wrate_away,0.5,0.514662789,-0.014662789
229,Wake Forest,28,12,16,27,13,14,0.443463444,0.464932696,0.420453632,0.011082011,-0.036361267,0.061027849,wrate_tol,0.454545455,0.443463444,0.011082011
230,Wake Forest,28,12,16,27,13,14,0.443463444,0.464932696,0.420453632,0.011082011,-0.036361267,0.061027849,wrate_home,0.428571429,0.464932696,-0.036361267
231,Wake Forest,28,12,16,27,13,14,0.443463444,0.464932696,0.420453632,0.011082011,-0.036361267,0.061027849,wrate_away,0.481481481,0.420453632,0.061027849
232,Northern Illinois,25,15,10,33,16,17,0.522298613,0.631242886,0.436990415,0.012184146,-0.031242886,0.04785807,wrate_tol,0.534482759,0.522298613,0.012184146
233,Northern Illinois,25,15,10,33,16,17,0.522298613,0.631242886,0.436990415,0.012184146,-0.031242886,0.04785807,wrate_home,0.6,0.631242886,-0.031242886
234,Northern Illinois,25,15,10,33,16,17,0.522298613,0.631242886,0.436990415,0.012184146,-0.031242886,0.04785807,wrate_away,0.484848485,0.436990415,0.04785807
235,Louisiana,25,14,11,32,13,19,0.460560499,0.546551823,0.394219365,0.013123711,0.013448177,0.012030635,wrate_tol,0.473684211,0.460560499,0.013123711
236,Louisiana,25,14,11,32,13,19,0.460560499,0.546551823,0.394219365,0.013123711,0.013448177,0.012030635,wrate_home,0.56,0.546551823,0.013448177
237,Louisiana,25,14,11,32,13,19,0.460560499,0.546551823,0.394219365,0.013123711,0.013448177,0.012030635,wrate_away,0.40625,0.394219365,0.012030635
238,Troy,25,16,9,31,17,14,0.575741718,0.613262599,0.544408561,0.013543996,0.026737401,0.003978536,wrate_tol,0.589285714,0.575741718,0.013543996
239,Troy,25,16,9,31,17,14,0.575741718,0.613262599,0.544408561,0.013543996,0.026737401,0.003978536,wrate_home,0.64,0.613262599,0.026737401
240,Troy,25,16,9,31,17,14,0.575741718,0.613262599,0.544408561,0.013543996,0.026737401,0.003978536,wrate_away,0.548387097,0.544408561,0.003978536
241,Arizona State,30,21,9,27,8,19,0.494923989,0.580889971,0.398488674,0.013847941,0.119110029,-0.102192378,wrate_tol,0.50877193,0.494923989,0.013847941
242,Arizona State,30,21,9,27,8,19,0.494923989,0.580889971,0.398488674,0.013847941,0.119110029,-0.102192378,wrate_home,0.7,0.580889971,0.119110029
243,Arizona State,30,21,9,27,8,19,0.494923989,0.580889971,0.398488674,0.013847941,0.119110029,-0.102192378,wrate_away,0.296296296,0.398488674,-0.102192378
244,South Carolina,31,18,13,24,6,18,0.421881646,0.514138587,0.311329983,0.01448199,0.066506575,-0.061329983,wrate_tol,0.436363636,0.421881646,0.01448199
245,South Carolina,31,18,13,24,6,18,0.421881646,0.514138587,0.311329983,0.01448199,0.066506575,-0.061329983,wrate_home,0.580645161,0.514138587,0.066506575
246,South Carolina,31,18,13,24,6,18,0.421881646,0.514138587,0.311329983,0.01448199,0.066506575,-0.061329983,wrate_away,0.25,0.311329983,-0.061329983
247,California,28,17,11,28,10,18,0.467014162,0.54276118,0.389700456,0.015128695,0.064381677,-0.032557598,wrate_tol,0.482142857,0.467014162,0.015128695
248,California,28,17,11,28,10,18,0.467014162,0.54276118,0.389700456,0.015128695,0.064381677,-0.032557598,wrate_home,0.607142857,0.54276118,0.064381677
249,California,28,17,11,28,10,18,0.467014162,0.54276118,0.389700456,0.015128695,0.064381677,-0.032557598,wrate_away,0.357142857,0.389700456,-0.032557598
250,Houston,29,21,8,27,15,12,0.627605538,0.671198635,0.578668831,0.015251605,0.052939296,-0.023113275,wrate_tol,0.642857143,0.627605538,0.015251605
251,Houston,29,21,8,27,15,12,0.627605538,0.671198635,0.578668831,0.015251605,0.052939296,-0.023113275,wrate_home,0.724137931,0.671198635,0.052939296
252,Houston,29,21,8,27,15,12,0.627605538,0.671198635,0.578668831,0.015251605,0.052939296,-0.023113275,wrate_away,0.555555556,0.578668831,-0.023113275
253,Rutgers,32,7,25,25,3,22,0.159250109,0.219895266,0.09773023,0.016188488,-0.001145266,0.02226977,wrate_tol,0.175438596,0.159250109,0.016188488
254,Rutgers,32,7,25,25,3,22,0.159250109,0.219895266,0.09773023,0.016188488,-0.001145266,0.02226977,wrate_home,0.21875,0.219895266,-0.001145266
255,Rutgers,32,7,25,25,3,22,0.159250109,0.219895266,0.09773023,0.016188488,-0.001145266,0.02226977,wrate_away,0.12,0.09773023,0.02226977
256,North Texas,24,15,9,32,9,23,0.411846761,0.567597714,0.293643507,0.016724667,0.057402286,-0.012393507,wrate_tol,0.428571429,0.411846761,0.016724667
257,North Texas,24,15,9,32,9,23,0.411846761,0.567597714,0.293643507,0.016724667,0.057402286,-0.012393507,wrate_home,0.625,0.567597714,0.057402286
258,North Texas,24,15,9,32,9,23,0.411846761,0.567597714,0.293643507,0.016724667,0.057402286,-0.012393507,wrate_away,0.28125,0.293643507,-0.012393507
259,Louisville,27,15,12,29,14,15,0.500551572,0.565302408,0.441868823,0.017305571,-0.009746853,0.040889797,wrate_tol,0.517857143,0.500551572,0.017305571
260,Louisville,27,15,12,29,14,15,0.500551572,0.565302408,0.441868823,0.017305571,-0.009746853,0.040889797,wrate_home,0.555555556,0.565302408,-0.009746853
261,Louisville,27,15,12,29,14,15,0.500551572,0.565302408,0.441868823,0.017305571,-0.009746853,0.040889797,wrate_away,0.482758621,0.441868823,0.040889797
262,UCF,28,20,8,27,15,12,0.618937869,0.648362923,0.585396064,0.017425767,0.065922791,-0.029840509,wrate_tol,0.636363636,0.618937869,0.017425767
263,UCF,28,20,8,27,15,12,0.618937869,0.648362923,0.585396064,0.017425767,0.065922791,-0.029840509,wrate_home,0.714285714,0.648362923,0.065922791
264,UCF,28,20,8,27,15,12,0.618937869,0.648362923,0.585396064,0.017425767,0.065922791,-0.029840509,wrate_away,0.555555556,0.585396064,-0.029840509
265,Marshall,28,19,9,28,12,16,0.532314989,0.586957738,0.471113839,0.02125644,0.091613691,-0.042542411,wrate_tol,0.553571429,0.532314989,0.02125644
266,Marshall,28,19,9,28,12,16,0.532314989,0.586957738,0.471113839,0.02125644,0.091613691,-0.042542411,wrate_home,0.678571429,0.586957738,0.091613691
267,Marshall,28,19,9,28,12,16,0.532314989,0.586957738,0.471113839,0.02125644,0.091613691,-0.042542411,wrate_away,0.428571429,0.471113839,-0.042542411
268,West Virginia,29,20,9,26,13,13,0.57854506,0.668924511,0.477255773,0.02145494,0.020730661,0.022744227,wrate_tol,0.6,0.57854506,0.02145494
269,West Virginia,29,20,9,26,13,13,0.57854506,0.668924511,0.477255773,0.02145494,0.020730661,0.022744227,wrate_home,0.689655172,0.668924511,0.020730661
270,West Virginia,29,20,9,26,13,13,0.57854506,0.668924511,0.477255773,0.02145494,0.020730661,0.022744227,wrate_away,0.5,0.477255773,0.022744227
271,Navy,29,23,6,29,11,18,0.564750572,0.61829653,0.51283987,0.021456324,0.174806918,-0.133529525,wrate_tol,0.586206897,0.564750572,0.021456324
272,Navy,29,23,6,29,11,18,0.564750572,0.61829653,0.51283987,0.021456324,0.174806918,-0.133529525,wrate_home,0.793103448,0.61829653,0.174806918
273,Navy,29,23,6,29,11,18,0.564750572,0.61829653,0.51283987,0.021456324,0.174806918,-0.133529525,wrate_away,0.379310345,0.51283987,-0.133529525
274,Liberty,8,6,2,17,5,12,0.416666327,0.595712491,0.360228207,0.023333673,0.154287509,-0.06611056,wrate_tol,0.44,0.416666327,0.023333673
275,Liberty,8,6,2,17,5,12,0.416666327,0.595712491,0.360228207,0.023333673,0.154287509,-0.06611056,wrate_home,0.75,0.595712491,0.154287509
276,Liberty,8,6,2,17,5,12,0.416666327,0.595712491,0.360228207,0.023333673,0.154287509,-0.06611056,wrate_away,0.294117647,0.360228207,-0.06611056
277,Oregon,30,23,7,26,11,15,0.583353311,0.665895954,0.476448124,0.023789546,0.100770713,-0.053371201,wrate_tol,0.607142857,0.583353311,0.023789546
278,Oregon,30,23,7,26,11,15,0.583353311,0.665895954,0.476448124,0.023789546,0.100770713,-0.053371201,wrate_home,0.766666667,0.665895954,0.100770713
279,Oregon,30,23,7,26,11,15,0.583353311,0.665895954,0.476448124,0.023789546,0.100770713,-0.053371201,wrate_away,0.423076923,0.476448124,-0.053371201
280,Georgia,31,24,7,27,21,6,0.751619325,0.802291062,0.687629032,0.024242743,-0.028097513,0.090148746,wrate_tol,0.775862069,0.751619325,0.024242743
281,Georgia,31,24,7,27,21,6,0.751619325,0.802291062,0.687629032,0.024242743,-0.028097513,0.090148746,wrate_home,0.774193548,0.802291062,-0.028097513
282,Georgia,31,24,7,27,21,6,0.751619325,0.802291062,0.687629032,0.024242743,-0.028097513,0.090148746,wrate_away,0.777777778,0.687629032,0.090148746
283,Nevada,25,15,10,30,9,21,0.411828825,0.519760512,0.320711784,0.024534811,0.080239488,-0.020711784,wrate_tol,0.436363636,0.411828825,0.024534811
284,Nevada,25,15,10,30,9,21,0.411828825,0.519760512,0.320711784,0.024534811,0.080239488,-0.020711784,wrate_home,0.6,0.519760512,0.080239488
285,Nevada,25,15,10,30,9,21,0.411828825,0.519760512,0.320711784,0.024534811,0.080239488,-0.020711784,wrate_away,0.3,0.320711784,-0.020711784
286,Miami,26,20,6,29,14,15,0.59315154,0.662500724,0.524477968,0.025030278,0.106730045,-0.041719347,wrate_tol,0.618181818,0.59315154,0.025030278
287,Miami,26,20,6,29,14,15,0.59315154,0.662500724,0.524477968,0.025030278,0.106730045,-0.041719347,wrate_home,0.769230769,0.662500724,0.106730045
288,Miami,26,20,6,29,14,15,0.59315154,0.662500724,0.524477968,0.025030278,0.106730045,-0.041719347,wrate_away,0.482758621,0.524477968,-0.041719347
289,Miami (OH),25,13,12,32,12,20,0.41197213,0.546130126,0.318364115,0.026624361,-0.026130126,0.056635885,wrate_tol,0.438596491,0.41197213,0.026624361
290,Miami (OH),25,13,12,32,12,20,0.41197213,0.546130126,0.318364115,0.026624361,-0.026130126,0.056635885,wrate_home,0.52,0.546130126,-0.026130126
291,Miami (OH),25,13,12,32,12,20,0.41197213,0.546130126,0.318364115,0.026624361,-0.026130126,0.056635885,wrate_away,0.375,0.318364115,0.056635885
292,Texas A&M,33,23,10,22,10,12,0.572269502,0.6581813,0.408045333,0.027730498,0.038788397,0.046500121,wrate_tol,0.6,0.572269502,0.027730498
293,Texas A&M,33,23,10,22,10,12,0.572269502,0.6581813,0.408045333,0.027730498,0.038788397,0.046500121,wrate_home,0.696969697,0.6581813,0.038788397
294,Texas A&M,33,23,10,22,10,12,0.572269502,0.6581813,0.408045333,0.027730498,0.038788397,0.046500121,wrate_away,0.454545455,0.408045333,0.046500121
295,Florida,34,24,10,23,14,9,0.637975583,0.707250458,0.525479188,0.028691084,-0.001368106,0.083216464,wrate_tol,0.666666667,0.637975583,0.028691084
296,Florida,34,24,10,23,14,9,0.637975583,0.707250458,0.525479188,0.028691084,-0.001368106,0.083216464,wrate_home,0.705882353,0.707250458,-0.001368106
297,Florida,34,24,10,23,14,9,0.637975583,0.707250458,0.525479188,0.028691084,-0.001368106,0.083216464,wrate_away,0.608695652,0.525479188,0.083216464
298,Western Michigan,25,18,7,31,17,14,0.594262886,0.672014249,0.526214908,0.030737114,0.047985751,0.022172188,wrate_tol,0.625,0.594262886,0.030737114
299,Western Michigan,25,18,7,31,17,14,0.594262886,0.672014249,0.526214908,0.030737114,0.047985751,0.022172188,wrate_home,0.72,0.672014249,0.047985751
300,Western Michigan,25,18,7,31,17,14,0.594262886,0.672014249,0.526214908,0.030737114,0.047985751,0.022172188,wrate_away,0.548387097,0.526214908,0.022172188
301,Cincinnati,27,18,9,30,13,17,0.512465254,0.616199253,0.420363595,0.031394395,0.050467414,0.012969739,wrate_tol,0.543859649,0.512465254,0.031394395
302,Cincinnati,27,18,9,30,13,17,0.512465254,0.616199253,0.420363595,0.031394395,0.050467414,0.012969739,wrate_home,0.666666667,0.616199253,0.050467414
303,Cincinnati,27,18,9,30,13,17,0.512465254,0.616199253,0.420363595,0.031394395,0.050467414,0.012969739,wrate_away,0.433333333,0.420363595,0.012969739
304,Notre Dame,35,30,5,25,15,10,0.716829246,0.794115787,0.601852048,0.033170754,0.06302707,-0.001852048,wrate_tol,0.75,0.716829246,0.033170754
305,Notre Dame,35,30,5,25,15,10,0.716829246,0.794115787,0.601852048,0.033170754,0.06302707,-0.001852048,wrate_home,0.857142857,0.794115787,0.06302707
306,Notre Dame,35,30,5,25,15,10,0.716829246,0.794115787,0.601852048,0.033170754,0.06302707,-0.001852048,wrate_away,0.6,0.601852048,-0.001852048
307,Florida International,29,18,11,27,9,18,0.447644305,0.555871689,0.330427548,0.034498552,0.064817967,0.002905785,wrate_tol,0.482142857,0.447644305,0.034498552
308,Florida International,29,18,11,27,9,18,0.447644305,0.555871689,0.330427548,0.034498552,0.064817967,0.002905785,wrate_home,0.620689655,0.555871689,0.064817967
309,Florida International,29,18,11,27,9,18,0.447644305,0.555871689,0.330427548,0.034498552,0.064817967,0.002905785,wrate_away,0.333333333,0.330427548,0.002905785
310,Florida State,29,19,10,26,12,14,0.526744833,0.618678885,0.409696847,0.036891531,0.036493529,0.051841615,wrate_tol,0.563636364,0.526744833,0.036891531
311,Florida State,29,19,10,26,12,14,0.526744833,0.618678885,0.409696847,0.036891531,0.036493529,0.051841615,wrate_home,0.655172414,0.618678885,0.036493529
312,Florida State,29,19,10,26,12,14,0.526744833,0.618678885,0.409696847,0.036891531,0.036493529,0.051841615,wrate_away,0.461538462,0.409696847,0.051841615
313,Tennessee,34,20,14,21,7,14,0.453557145,0.510032435,0.365973305,0.037351945,0.078202859,-0.032639971,wrate_tol,0.490909091,0.453557145,0.037351945
314,Tennessee,34,20,14,21,7,14,0.453557145,0.510032435,0.365973305,0.037351945,0.078202859,-0.032639971,wrate_home,0.588235294,0.510032435,0.078202859
315,Tennessee,34,20,14,21,7,14,0.453557145,0.510032435,0.365973305,0.037351945,0.078202859,-0.032639971,wrate_away,0.333333333,0.365973305,-0.032639971
316,Idaho,14,6,8,23,7,16,0.312255698,0.450769251,0.248404948,0.039095654,-0.022197823,0.055942878,wrate_tol,0.351351351,0.312255698,0.039095654
317,Idaho,14,6,8,23,7,16,0.312255698,0.450769251,0.248404948,0.039095654,-0.022197823,0.055942878,wrate_home,0.428571429,0.450769251,-0.022197823
318,Idaho,14,6,8,23,7,16,0.312255698,0.450769251,0.248404948,0.039095654,-0.022197823,0.055942878,wrate_away,0.304347826,0.248404948,0.055942878
319,SMU,29,17,12,28,10,18,0.434321403,0.504584723,0.367996624,0.039362807,0.081622174,-0.010853767,wrate_tol,0.473684211,0.434321403,0.039362807
320,SMU,29,17,12,28,10,18,0.434321403,0.504584723,0.367996624,0.039362807,0.081622174,-0.010853767,wrate_home,0.586206897,0.504584723,0.081622174
321,SMU,29,17,12,28,10,18,0.434321403,0.504584723,0.367996624,0.039362807,0.081622174,-0.010853767,wrate_away,0.357142857,0.367996624,-0.010853767
322,Kentucky,32,20,12,23,10,13,0.505726369,0.585906197,0.38000805,0.039728176,0.039093803,0.054774558,wrate_tol,0.545454545,0.505726369,0.039728176
323,Kentucky,32,20,12,23,10,13,0.505726369,0.585906197,0.38000805,0.039728176,0.039093803,0.054774558,wrate_home,0.625,0.585906197,0.039093803
324,Kentucky,32,20,12,23,10,13,0.505726369,0.585906197,0.38000805,0.039728176,0.039093803,0.054774558,wrate_away,0.434782609,0.38000805,0.054774558
325,Appalachian State,27,23,4,30,22,8,0.749617679,0.757791802,0.741469159,0.039856006,0.09406005,-0.008135825,wrate_tol,0.789473684,0.749617679,0.039856006
326,Appalachian State,27,23,4,30,22,8,0.749617679,0.757791802,0.741469159,0.039856006,0.09406005,-0.008135825,wrate_home,0.851851852,0.757791802,0.09406005
327,Appalachian State,27,23,4,30,22,8,0.749617679,0.757791802,0.741469159,0.039856006,0.09406005,-0.008135825,wrate_away,0.733333333,0.741469159,-0.008135825
328,Temple,28,21,7,30,18,12,0.631801171,0.689086766,0.579751735,0.040612622,0.060913234,0.020248265,wrate_tol,0.672413793,0.631801171,0.040612622
329,Temple,28,21,7,30,18,12,0.631801171,0.689086766,0.579751735,0.040612622,0.060913234,0.020248265,wrate_home,0.75,0.689086766,0.060913234
330,Temple,28,21,7,30,18,12,0.631801171,0.689086766,0.579751735,0.040612622,0.060913234,0.020248265,wrate_away,0.6,0.579751735,0.020248265
331,Pittsburgh,29,17,12,27,13,14,0.493042715,0.519297827,0.457821782,0.042671571,0.066909069,0.023659699,wrate_tol,0.535714286,0.493042715,0.042671571
332,Pittsburgh,29,17,12,27,13,14,0.493042715,0.519297827,0.457821782,0.042671571,0.066909069,0.023659699,wrate_home,0.586206897,0.519297827,0.066909069
333,Pittsburgh,29,17,12,27,13,14,0.493042715,0.519297827,0.457821782,0.042671571,0.066909069,0.023659699,wrate_away,0.481481481,0.457821782,0.023659699
334,San Diego State,28,20,8,29,21,8,0.6765518,0.663679695,0.688678869,0.042746445,0.050606019,0.035459062,wrate_tol,0.719298246,0.6765518,0.042746445
335,San Diego State,28,20,8,29,21,8,0.6765518,0.663679695,0.688678869,0.042746445,0.050606019,0.035459062,wrate_home,0.714285714,0.663679695,0.050606019
336,San Diego State,28,20,8,29,21,8,0.6765518,0.663679695,0.688678869,0.042746445,0.050606019,0.035459062,wrate_away,0.724137931,0.688678869,0.035459062
337,Alabama,36,34,2,22,20,2,0.882778403,0.913218933,0.82795225,0.04825608,0.031225511,0.08113866,wrate_tol,0.931034483,0.882778403,0.04825608
338,Alabama,36,34,2,22,20,2,0.882778403,0.913218933,0.82795225,0.04825608,0.031225511,0.08113866,wrate_home,0.944444444,0.913218933,0.031225511
339,Alabama,36,34,2,22,20,2,0.882778403,0.913218933,0.82795225,0.04825608,0.031225511,0.08113866,wrate_away,0.909090909,0.82795225,0.08113866
340,Akron,25,8,17,32,11,21,0.284418031,0.296777819,0.276216269,0.048915303,0.023222181,0.067533731,wrate_tol,0.333333333,0.284418031,0.048915303
341,Akron,25,8,17,32,11,21,0.284418031,0.296777819,0.276216269,0.048915303,0.023222181,0.067533731,wrate_home,0.32,0.296777819,0.023222181
342,Akron,25,8,17,32,11,21,0.284418031,0.296777819,0.276216269,0.048915303,0.023222181,0.067533731,wrate_away,0.34375,0.276216269,0.067533731
343,USC,33,27,6,29,14,15,0.611297262,0.702166913,0.490050736,0.049993061,0.116014905,-0.007292116,wrate_tol,0.661290323,0.611297262,0.049993061
344,USC,33,27,6,29,14,15,0.611297262,0.702166913,0.490050736,0.049993061,0.116014905,-0.007292116,wrate_home,0.818181818,0.702166913,0.116014905
345,USC,33,27,6,29,14,15,0.611297262,0.702166913,0.490050736,0.049993061,0.116014905,-0.007292116,wrate_away,0.482758621,0.490050736,-0.007292116
346,Michigan State,34,22,12,26,14,12,0.550000584,0.612864318,0.464749793,0.049999416,0.034194506,0.073711746,wrate_tol,0.6,0.550000584,0.049999416
347,Michigan State,34,22,12,26,14,12,0.550000584,0.612864318,0.464749793,0.049999416,0.034194506,0.073711746,wrate_home,0.647058824,0.612864318,0.034194506
348,Michigan State,34,22,12,26,14,12,0.550000584,0.612864318,0.464749793,0.049999416,0.034194506,0.073711746,wrate_away,0.538461538,0.464749793,0.073711746
349,Stanford,32,23,9,29,17,12,0.605672484,0.664419221,0.539067834,0.050065221,0.054330779,0.047139062,wrate_tol,0.655737705,0.605672484,0.050065221
350,Stanford,32,23,9,29,17,12,0.605672484,0.664419221,0.539067834,0.050065221,0.054330779,0.047139062,wrate_home,0.71875,0.664419221,0.054330779
351,Stanford,32,23,9,29,17,12,0.605672484,0.664419221,0.539067834,0.050065221,0.054330779,0.047139062,wrate_away,0.586206897,0.539067834,0.047139062
352,Arkansas State,24,18,6,30,16,14,0.577922941,0.673918933,0.506178961,0.051706689,0.076081067,0.027154373,wrate_tol,0.62962963,0.577922941,0.051706689
353,Arkansas State,24,18,6,30,16,14,0.577922941,0.673918933,0.506178961,0.051706689,0.076081067,0.027154373,wrate_home,0.75,0.673918933,0.076081067
354,Arkansas State,24,18,6,30,16,14,0.577922941,0.673918933,0.506178961,0.051706689,0.076081067,0.027154373,wrate_away,0.533333333,0.506178961,0.027154373
355,South Florida,27,17,10,27,16,11,0.55862069,0.564090987,0.553190165,0.052490421,0.065538643,0.039402427,wrate_tol,0.611111111,0.55862069,0.052490421
356,South Florida,27,17,10,27,16,11,0.55862069,0.564090987,0.553190165,0.052490421,0.065538643,0.039402427,wrate_home,0.62962963,0.564090987,0.065538643
357,South Florida,27,17,10,27,16,11,0.55862069,0.564090987,0.553190165,0.052490421,0.065538643,0.039402427,wrate_away,0.592592593,0.553190165,0.039402427
358,LSU,33,28,5,22,14,8,0.710245589,0.805734302,0.566873801,0.053390775,0.042750547,0.069489836,wrate_tol,0.763636364,0.710245589,0.053390775
359,LSU,33,28,5,22,14,8,0.710245589,0.805734302,0.566873801,0.053390775,0.042750547,0.069489836,wrate_home,0.848484848,0.805734302,0.042750547
360,LSU,33,28,5,22,14,8,0.710245589,0.805734302,0.566873801,0.053390775,0.042750547,0.069489836,wrate_away,0.636363636,0.566873801,0.069489836
361,Northwestern,33,19,14,26,16,10,0.533221003,0.548362803,0.514971684,0.059999336,0.027394772,0.100412931,wrate_tol,0.593220339,0.533221003,0.059999336
362,Northwestern,33,19,14,26,16,10,0.533221003,0.548362803,0.514971684,0.059999336,0.027394772,0.100412931,wrate_home,0.575757576,0.548362803,0.027394772
363,Northwestern,33,19,14,26,16,10,0.533221003,0.548362803,0.514971684,0.059999336,0.027394772,0.100412931,wrate_away,0.615384615,0.514971684,0.100412931
364,Washington State,28,24,4,27,14,13,0.630695612,0.766302492,0.472583395,0.060213479,0.090840365,0.045935124,wrate_tol,0.690909091,0.630695612,0.060213479
365,Washington State,28,24,4,27,14,13,0.630695612,0.766302492,0.472583395,0.060213479,0.090840365,0.045935124,wrate_home,0.857142857,0.766302492,0.090840365
366,Washington State,28,24,4,27,14,13,0.630695612,0.766302492,0.472583395,0.060213479,0.090840365,0.045935124,wrate_away,0.518518519,0.472583395,0.045935124
367,Oklahoma State,29,19,10,27,19,8,0.615648274,0.622397673,0.607580284,0.062923155,0.032774741,0.09612342,wrate_tol,0.678571429,0.615648274,0.062923155
368,Oklahoma State,29,19,10,27,19,8,0.615648274,0.622397673,0.607580284,0.062923155,0.032774741,0.09612342,wrate_home,0.655172414,0.622397673,0.032774741
369,Oklahoma State,29,19,10,27,19,8,0.615648274,0.622397673,0.607580284,0.062923155,0.032774741,0.09612342,wrate_away,0.703703704,0.607580284,0.09612342
370,Hawai'i,29,14,15,31,10,21,0.336751742,0.396335138,0.280970315,0.063248258,0.086423483,0.04161033,wrate_tol,0.4,0.336751742,0.063248258
371,Hawai'i,29,14,15,31,10,21,0.336751742,0.396335138,0.280970315,0.063248258,0.086423483,0.04161033,wrate_home,0.482758621,0.396335138,0.086423483
372,Hawai'i,29,14,15,31,10,21,0.336751742,0.396335138,0.280970315,0.063248258,0.086423483,0.04161033,wrate_away,0.322580645,0.280970315,0.04161033
373,Ohio State,36,34,2,27,24,3,0.857349022,0.89514546,0.796125688,0.063285899,0.049298984,0.092763201,wrate_tol,0.920634921,0.857349022,0.063285899
374,Ohio State,36,34,2,27,24,3,0.857349022,0.89514546,0.796125688,0.063285899,0.049298984,0.092763201,wrate_home,0.944444444,0.89514546,0.049298984
375,Ohio State,36,34,2,27,24,3,0.857349022,0.89514546,0.796125688,0.063285899,0.049298984,0.092763201,wrate_away,0.888888889,0.796125688,0.092763201
376,Memphis,29,25,4,28,17,11,0.668319436,0.725551071,0.602658666,0.06852267,0.136517895,0.004484192,wrate_tol,0.736842105,0.668319436,0.06852267
377,Memphis,29,25,4,28,17,11,0.668319436,0.725551071,0.602658666,0.06852267,0.136517895,0.004484192,wrate_home,0.862068966,0.725551071,0.136517895
378,Memphis,29,25,4,28,17,11,0.668319436,0.725551071,0.602658666,0.06852267,0.136517895,0.004484192,wrate_away,0.607142857,0.602658666,0.004484192
379,Toledo,28,22,6,28,16,12,0.605859329,0.685858145,0.523217559,0.072712099,0.099856141,0.048211012,wrate_tol,0.678571429,0.605859329,0.072712099
380,Toledo,28,22,6,28,16,12,0.605859329,0.685858145,0.523217559,0.072712099,0.099856141,0.048211012,wrate_home,0.785714286,0.685858145,0.099856141
381,Toledo,28,22,6,28,16,12,0.605859329,0.685858145,0.523217559,0.072712099,0.099856141,0.048211012,wrate_away,0.571428571,0.523217559,0.048211012
382,Boise State,31,26,5,30,22,8,0.710614011,0.727057351,0.696892302,0.076271235,0.111652327,0.036441031,wrate_tol,0.786885246,0.710614011,0.076271235
383,Boise State,31,26,5,30,22,8,0.710614011,0.727057351,0.696892302,0.076271235,0.111652327,0.036441031,wrate_home,0.838709677,0.727057351,0.111652327
384,Boise State,31,26,5,30,22,8,0.710614011,0.727057351,0.696892302,0.076271235,0.111652327,0.036441031,wrate_away,0.733333333,0.696892302,0.036441031
385,UAB,15,15,0,20,9,11,0.59780423,0.812380668,0.410753423,0.087910056,0.187619332,0.039246577,wrate_tol,0.685714286,0.59780423,0.087910056
386,UAB,15,15,0,20,9,11,0.59780423,0.812380668,0.410753423,0.087910056,0.187619332,0.039246577,wrate_home,1,0.812380668,0.187619332
387,UAB,15,15,0,20,9,11,0.59780423,0.812380668,0.410753423,0.087910056,0.187619332,0.039246577,wrate_away,0.45,0.410753423,0.039246577
388,Clemson,33,32,1,27,26,1,0.86463788,0.881858206,0.842196673,0.102028787,0.087838764,0.12076629,wrate_tol,0.966666667,0.86463788,0.102028787
389,Clemson,33,32,1,27,26,1,0.86463788,0.881858206,0.842196673,0.102028787,0.087838764,0.12076629,wrate_home,0.96969697,0.881858206,0.087838764
390,Clemson,33,32,1,27,26,1,0.86463788,0.881858206,0.842196673,0.102028787,0.087838764,0.12076629,wrate_away,0.962962963,0.842196673,0.12076629
391,Oklahoma,35,32,3,27,24,3,0.741404985,0.775106201,0.695720509,0.161820821,0.139179514,0.19316838,wrate_tol,0.903225806,0.741404985,0.161820821
392,Oklahoma,35,32,3,27,24,3,0.741404985,0.775106201,0.695720509,0.161820821,0.139179514,0.19316838,wrate_home,0.914285714,0.775106201,0.139179514
393,Oklahoma,35,32,3,27,24,3,0.741404985,0.775106201,0.695720509,0.161820821,0.139179514,0.19316838,wrate_away,0.888888889,0.695720509,0.19316838
